"HITId","HITTypeId","Title","Description","Keywords","Reward","CreationTime","MaxAssignments","RequesterAnnotation","AssignmentDurationInSeconds","AutoApprovalDelayInSeconds","Expiration","NumberOfSimilarHITs","LifetimeInSeconds","AssignmentId","WorkerId","AssignmentStatus","AcceptTime","SubmitTime","AutoApprovalTime","ApprovalTime","RejectionTime","RequesterFeedback","WorkTimeInSeconds","LifetimeApprovalRate","Last30DaysApprovalRate","Last7DaysApprovalRate","Input.answertype","Answer.Q1Url","Answer.Q2Url","Answer.Q3Url","Answer.Q4Url","Answer.Q5Url","Answer.Q6Url","Answer.Q7Url","Answer.Q8Url","Approve","Reject"
"2UNNQYN5F3Q0ZGZJ21EC3YB4JDUD91","2PCVCNHMVHVKSJUR5ZT7BJ79KUZ31F","Write short questions that are answered by the provided response","If the provided response is ""event"", write questions that are answered by events.","data collection, short answer, writing","$0.10","Wed Sep 26 00:29:32 GMT 2012","3","BatchId:918663;","1800","604800","Sat Sep 29 00:29:32 GMT 2012","","","27P2Q45UUKQOEGH80GESFOG0EFJCUF","A1T9DFT0XOO3V5","Submitted","Wed Sep 26 11:03:54 GMT 2012","Wed Sep 26 11:16:30 GMT 2012","Wed Oct 03 04:16:30 PDT 2012","","","","756","0% (0/0)","0% (0/0)","0% (0/0)","an ordinal number (first, second, third, etc.). An example question: ""what rank  receives a gold medal at the Olympic games?""","Which standard your son is studying?","How Mrs president of America is known?","Among the three winners who won the glod medal?","what comes between one & three?","How many apples will be left out if you ate three from five apples?","How many children do you have?","which priority will be given for food by all the living beings?","Which rank your daughter scored in her final exam?"
"2UNNQYN5F3Q0ZGZJ21EC3YB4JDUD91","2PCVCNHMVHVKSJUR5ZT7BJ79KUZ31F","Write short questions that are answered by the provided response","If the provided response is ""event"", write questions that are answered by events.","data collection, short answer, writing","$0.10","Wed Sep 26 00:29:32 GMT 2012","3","BatchId:918663;","1800","604800","Sat Sep 29 00:29:32 GMT 2012","","","2EB79KQW618NK6ONJR44CXCE62OKM7","A3TNJHVNJUCKRK","Submitted","Wed Sep 26 09:22:43 GMT 2012","Wed Sep 26 09:25:06 GMT 2012","Wed Oct 03 02:25:06 PDT 2012","","","","143","0% (0/0)","0% (0/0)","0% (0/0)","an ordinal number (first, second, third, etc.). An example question: ""what rank  receives a gold medal at the Olympic games?""","What base does David Ortiz play?","What base does A-Rod play?","What place gets a gold medal?","What place gets a silver medal?","What place gets a bronze medal?","What place do you come in if you beat everyone else?","What place do you come in if you beat everyone but one person?","What place do you come in if you beat everyone but two people?"
"20LNAB6BFMFF4YS8XGKJMDGE2ALIVO","2PCVCNHMVHVKSJUR5ZT7BJ79KUZ31F","Write short questions that are answered by the provided response","If the provided response is ""event"", write questions that are answered by events.","data collection, short answer, writing","$0.10","Wed Sep 26 00:29:32 GMT 2012","3","BatchId:918663;","1800","604800","Sat Sep 29 00:29:32 GMT 2012","","","240Y1THV8ER9E8NDOXDZZM5KSW31O0","A3TNJHVNJUCKRK","Submitted","Wed Sep 26 09:13:23 GMT 2012","Wed Sep 26 09:15:38 GMT 2012","Wed Oct 03 02:15:38 PDT 2012","","","","135","0% (0/0)","0% (0/0)","0% (0/0)","phone number","How can someone contact you?","What is a good way to call a business?","What was the first thing you had assigned to you?","What is the last thing you used to contact someone?","What does the # symbol mean?","If I asked for your number, what do I mean?","What do you find on a business card?","What is listed in the yellow pages?"
"20LNAB6BFMFF4YS8XGKJMDGE2ALIVO","2PCVCNHMVHVKSJUR5ZT7BJ79KUZ31F","Write short questions that are answered by the provided response","If the provided response is ""event"", write questions that are answered by events.","data collection, short answer, writing","$0.10","Wed Sep 26 00:29:32 GMT 2012","3","BatchId:918663;","1800","604800","Sat Sep 29 00:29:32 GMT 2012","","","2DGH1XERSQV6MRFFLXK3OVWA8ZS08S","A1AASMBQPT2HV6","Submitted","Wed Sep 26 07:31:05 GMT 2012","Wed Sep 26 07:35:06 GMT 2012","Wed Oct 03 00:35:06 PDT 2012","","","","241","0% (0/0)","0% (0/0)","0% (0/0)","phone number","What is the ISD code for UK to dail in from India?","What is the ISD code for USA to dail in from India?","What is the contact number for London Eye phone booking?","What is the contact number for Madame Tussaud phone booking?","What is the helpline for emergency services in UK?","What is the helpline for emergency services in USA?","What is the emergency Police held number in India?","What is the ISD code for Canada to dail in from India?"
"20LNAB6BFMFF4YS8XGKJMDGE2ALIVO","2PCVCNHMVHVKSJUR5ZT7BJ79KUZ31F","Write short questions that are answered by the provided response","If the provided response is ""event"", write questions that are answered by events.","data collection, short answer, writing","$0.10","Wed Sep 26 00:29:32 GMT 2012","3","BatchId:918663;","1800","604800","Sat Sep 29 00:29:32 GMT 2012","","","2XB92NJKM05B2JNKLDN2NTP94PJFAH","A1T9DFT0XOO3V5","Submitted","Wed Sep 26 10:49:51 GMT 2012","Wed Sep 26 10:53:33 GMT 2012","Wed Oct 03 03:53:33 PDT 2012","","","","222","0% (0/0)","0% (0/0)","0% (0/0)","phone number","what is an emergency number?","Emergency police","Fire service Number","what is the number of information website?","What is the phone date book number?","Blood bank Number","what is the number for contact information","What is the number of eye bank?"
"2E4B3Q39Z0B6ATIWXJ5VZTVRUEAKV1","2PCVCNHMVHVKSJUR5ZT7BJ79KUZ31F","Write short questions that are answered by the provided response","If the provided response is ""event"", write questions that are answered by events.","data collection, short answer, writing","$0.10","Wed Sep 26 00:29:32 GMT 2012","3","BatchId:918663;","1800","604800","Sat Sep 29 00:29:32 GMT 2012","","","22EEZZ2MIKMNPU2FDDU80WWXVIY7OY","A3RQN5RZD1N2KP","Submitted","Wed Sep 26 05:06:50 GMT 2012","Wed Sep 26 05:11:13 GMT 2012","Tue Oct 02 22:11:13 PDT 2012","","","","263","0% (0/0)","0% (0/0)","0% (0/0)","a quantity. An example question: ""how many plays did Shakespeare write?""","How many games are in a baseball season?","How many seconds are in a minute?","How many cups in a quart?","How many ounces in a pound?","How many inches are in a foot?","How many movies are made from Stephen King books?","How many fingers on one hand?","How many colors in a rainbow?"
"2E4B3Q39Z0B6ATIWXJ5VZTVRUEAKV1","2PCVCNHMVHVKSJUR5ZT7BJ79KUZ31F","Write short questions that are answered by the provided response","If the provided response is ""event"", write questions that are answered by events.","data collection, short answer, writing","$0.10","Wed Sep 26 00:29:32 GMT 2012","3","BatchId:918663;","1800","604800","Sat Sep 29 00:29:32 GMT 2012","","","2626X3YOCCF0SPZA14KIUIIXBU2RQF","A1UL7GL7WD2ETF","Submitted","Wed Sep 26 00:33:04 GMT 2012","Wed Sep 26 00:34:32 GMT 2012","Tue Oct 02 17:34:32 PDT 2012","","","","88","100% (2/2)","100% (2/2)","100% (2/2)","a quantity. An example question: ""how many plays did Shakespeare write?""","How many players are allowed on a professional baseball team at one time?","How many Stanley Cups have the Detroit Red Wings won?","How many Harry Potter books are there?","How many books has Stephen King written?","How many games does an NFL team play in one season?","How many planets are there?","How many Lord of the Rings books are there?","How many moons does Jupiter have?"
"2E4B3Q39Z0B6ATIWXJ5VZTVRUEAKV1","2PCVCNHMVHVKSJUR5ZT7BJ79KUZ31F","Write short questions that are answered by the provided response","If the provided response is ""event"", write questions that are answered by events.","data collection, short answer, writing","$0.10","Wed Sep 26 00:29:32 GMT 2012","3","BatchId:918663;","1800","604800","Sat Sep 29 00:29:32 GMT 2012","","","2DGU3K4F0OHOBRVUMCBO9L92UTL108","A1AASMBQPT2HV6","Submitted","Wed Sep 26 07:16:22 GMT 2012","Wed Sep 26 07:19:56 GMT 2012","Wed Oct 03 00:19:56 PDT 2012","","","","214","0% (0/0)","0% (0/0)","0% (0/0)","a quantity. An example question: ""how many plays did Shakespeare write?""","How many hot dogs can a average human being eat?","How many runs are made by Sachin Tendulkar in his test series?","How many Bananas can a monkey eat in one day?","How many tigers are there in India?","How many planets rotate on their own axis's?","How many languages can be learned by a average Human being?","How many religions are there is India compared to USA?","How many states are there in India?"
"27A1CSTMOFXRTSY8GG5YKNXJPKMSP5","2PCVCNHMVHVKSJUR5ZT7BJ79KUZ31F","Write short questions that are answered by the provided response","If the provided response is ""event"", write questions that are answered by events.","data collection, short answer, writing","$0.10","Wed Sep 26 00:29:32 GMT 2012","3","BatchId:918663;","1800","604800","Sat Sep 29 00:29:32 GMT 2012","","","28U4E6AUBXHW8H15PO0VIZWD408X11","A1T9DFT0XOO3V5","Submitted","Wed Sep 26 10:55:18 GMT 2012","Wed Sep 26 11:01:47 GMT 2012","Wed Oct 03 04:01:47 PDT 2012","","","","389","0% (0/0)","0% (0/0)","0% (0/0)","a distance. An example question: ""how far is the Earth from the Sun?""","what is the distance of your school from your house?","How long you have walk to reach the hospital?","Is the bus stop is near to your office?","How far is  your Inlaws' place?","Where do your grandparents stay far or near?","What is the distance for the marathon?","what is the destination for the cycle race?","For how long you have to walk to reach the capel?"
"27A1CSTMOFXRTSY8GG5YKNXJPKMSP5","2PCVCNHMVHVKSJUR5ZT7BJ79KUZ31F","Write short questions that are answered by the provided response","If the provided response is ""event"", write questions that are answered by events.","data collection, short answer, writing","$0.10","Wed Sep 26 00:29:32 GMT 2012","3","BatchId:918663;","1800","604800","Sat Sep 29 00:29:32 GMT 2012","","","2GMXFCD45XCE9N7IR8BIU3TG2J8YW4","A1AASMBQPT2HV6","Submitted","Wed Sep 26 07:21:05 GMT 2012","Wed Sep 26 07:30:21 GMT 2012","Wed Oct 03 00:30:21 PDT 2012","","","","556","0% (0/0)","0% (0/0)","0% (0/0)","a distance. An example question: ""how far is the Earth from the Sun?""","How far is Jupiter from Venus?","How far is Mars from Earth?","How far is Agra from Delhi to visit Taj Mahal in India?","How far is London Eye from Cholchester Zoo in UK?","How far is Canada from India?","How far is Moon from Earth?","How far is Liverpool Station from Wimbledon Station?","How far is USA by Cruise?"
"27A1CSTMOFXRTSY8GG5YKNXJPKMSP5","2PCVCNHMVHVKSJUR5ZT7BJ79KUZ31F","Write short questions that are answered by the provided response","If the provided response is ""event"", write questions that are answered by events.","data collection, short answer, writing","$0.10","Wed Sep 26 00:29:32 GMT 2012","3","BatchId:918663;","1800","604800","Sat Sep 29 00:29:32 GMT 2012","","","2W9GYQ4J3NABMB9CJUFY5IT16YQCPI","A2TFV80O60F2I7","Submitted","Wed Sep 26 09:58:21 GMT 2012","Wed Sep 26 10:05:25 GMT 2012","Wed Oct 03 03:05:25 PDT 2012","","","","424","0% (0/0)","0% (0/0)","0% (0/0)","a distance. An example question: ""how far is the Earth from the Sun?""","what is the name of instrument used to record high temperature from great distance ?","what is the distance from the Sun to the Mars ?","what is the name of instrument used to measure the distance covered by a vehicle ?","what is the average distance from the Earth to the Moon?","What is the unit of measurement of the distance of stars from the earth?","How much of the surface of the Moon is visible from the earth?","what is the distance around the earth at the equator?","how far is the earth from the Jupiter?"
"2P1HSTLB3L0FRJ38SQAEQREVO3CIUZ","2PCVCNHMVHVKSJUR5ZT7BJ79KUZ31F","Write short questions that are answered by the provided response","If the provided response is ""event"", write questions that are answered by events.","data collection, short answer, writing","$0.10","Wed Sep 26 00:29:32 GMT 2012","3","BatchId:918663;","1800","604800","Sat Sep 29 00:29:32 GMT 2012","","","20WJ3NAB6BFMVFIO2XK10JFDTSRGTN","A1UL7GL7WD2ETF","Submitted","Wed Sep 26 00:34:40 GMT 2012","Wed Sep 26 00:36:03 GMT 2012","Tue Oct 02 17:36:03 PDT 2012","","","","83","100% (2/2)","100% (2/2)","100% (2/2)","a dollar amount or cost. An example question: ""how much does an iPod Touch cost?""","How much does an iPhone 5 cost?","How much does an Xbox 360 cost?","How much does a Nintendo Wii cost?","How much does a Big Mac meal cost?","How much does a Playstation 3 cost?","How much does an iPad cost?","How much did the movie Titanic cost to make?","How much does a Samsung Galaxy 3 cost?"
"2P1HSTLB3L0FRJ38SQAEQREVO3CIUZ","2PCVCNHMVHVKSJUR5ZT7BJ79KUZ31F","Write short questions that are answered by the provided response","If the provided response is ""event"", write questions that are answered by events.","data collection, short answer, writing","$0.10","Wed Sep 26 00:29:32 GMT 2012","3","BatchId:918663;","1800","604800","Sat Sep 29 00:29:32 GMT 2012","","","2AXBMJTUHYW2WTJZVPYSCWM1JO8INT","A3TNJHVNJUCKRK","Submitted","Wed Sep 26 09:29:07 GMT 2012","Wed Sep 26 09:31:25 GMT 2012","Wed Oct 03 02:31:25 PDT 2012","","","","138","0% (0/0)","0% (0/0)","0% (0/0)","a dollar amount or cost. An example question: ""how much does an iPod Touch cost?""","How much does an average new car cost?","How much is a bottle of soda?","How much is a box of Oranges?","How much is it for a new pair of shoes?","How much is it for a boob job?","How much is it for a four year college degree?","How much does a wedding cost?","How much does it cost to print a resume?"
"2P1HSTLB3L0FRJ38SQAEQREVO3CIUZ","2PCVCNHMVHVKSJUR5ZT7BJ79KUZ31F","Write short questions that are answered by the provided response","If the provided response is ""event"", write questions that are answered by events.","data collection, short answer, writing","$0.10","Wed Sep 26 00:29:32 GMT 2012","3","BatchId:918663;","1800","604800","Sat Sep 29 00:29:32 GMT 2012","","","2T85TYMNCWYBK99ZW7JH411J120KOJ","A1AASMBQPT2HV6","Submitted","Wed Sep 26 06:58:41 GMT 2012","Wed Sep 26 06:59:31 GMT 2012","Tue Oct 02 23:59:31 PDT 2012","","","","50","0% (0/0)","0% (0/0)","0% (0/0)","a dollar amount or cost. An example question: ""how much does an iPod Touch cost?""","how much does an Mac Book cost?","how much does an LED cost?","how much does an iPad cost?","","","","",""
"2TRKSSZVXX2QK5OKO5FYNNIWBLDN52","2PCVCNHMVHVKSJUR5ZT7BJ79KUZ31F","Write short questions that are answered by the provided response","If the provided response is ""event"", write questions that are answered by events.","data collection, short answer, writing","$0.10","Wed Sep 26 00:29:32 GMT 2012","3","BatchId:918663;","1800","604800","Sat Sep 29 00:29:32 GMT 2012","","","29YR70G5R98DOJXLIMNSZTNYPU2BRO","A1UL7GL7WD2ETF","Submitted","Wed Sep 26 00:36:17 GMT 2012","Wed Sep 26 00:37:05 GMT 2012","Tue Oct 02 17:37:05 PDT 2012","","","","48","100% (2/2)","100% (2/2)","100% (2/2)","a volume or size. An example question: ""how big is Russia?""","How big is the Sun?","How big is Canada?","How big is North America?","How big is Europe?","How big is an NHL ice rink?","How big is an NFL football field?","How big is Brazil?","How big is Antarctica?"
"2TRKSSZVXX2QK5OKO5FYNNIWBLDN52","2PCVCNHMVHVKSJUR5ZT7BJ79KUZ31F","Write short questions that are answered by the provided response","If the provided response is ""event"", write questions that are answered by events.","data collection, short answer, writing","$0.10","Wed Sep 26 00:29:32 GMT 2012","3","BatchId:918663;","1800","604800","Sat Sep 29 00:29:32 GMT 2012","","","2FJ98D8J3VE7CSMJRD3GAMCKLP2HXI","A1AASMBQPT2HV6","Submitted","Wed Sep 26 07:36:39 GMT 2012","Wed Sep 26 07:40:55 GMT 2012","Wed Oct 03 00:40:55 PDT 2012","","","","256","0% (0/0)","0% (0/0)","0% (0/0)","a volume or size. An example question: ""how big is Russia?""","How big is USA compared to Russia?","What is the size of a passport photo?","What is the size of a A4 paper?","what is the size of a post card?","what is the volume of a cube?","What is the volume of a cone?","How big is India compared to UK?","How big is Jupiter compared to Earth?"
"2TRKSSZVXX2QK5OKO5FYNNIWBLDN52","2PCVCNHMVHVKSJUR5ZT7BJ79KUZ31F","Write short questions that are answered by the provided response","If the provided response is ""event"", write questions that are answered by events.","data collection, short answer, writing","$0.10","Wed Sep 26 00:29:32 GMT 2012","3","BatchId:918663;","1800","604800","Sat Sep 29 00:29:32 GMT 2012","","","2L5DP8PJWKUDT8RCFIH3GZ0BJ93I7I","A3TNJHVNJUCKRK","Submitted","Wed Sep 26 09:15:39 GMT 2012","Wed Sep 26 09:17:53 GMT 2012","Wed Oct 03 02:17:53 PDT 2012","","","","134","0% (0/0)","0% (0/0)","0% (0/0)","a volume or size. An example question: ""how big is Russia?""","How big is Earth?","How small is an atom?","What's the tallest person's height?","What does a coke bottle weigh?","How much can a milk jug hold?","How far is Rhode Island from Martha's Vineyard?","What is your shoe size?","How deep is the ocean?"
"21062NJQ2172F93GLL2KSCVELSLOWY","2PCVCNHMVHVKSJUR5ZT7BJ79KUZ31F","Write short questions that are answered by the provided response","If the provided response is ""event"", write questions that are answered by events.","data collection, short answer, writing","$0.10","Wed Sep 26 00:29:33 GMT 2012","3","BatchId:918663;","1800","604800","Sat Sep 29 00:29:33 GMT 2012","","","2DI0JG5TYMNCCY5UDU0SZSHXEGUHLY","A3TNJHVNJUCKRK","Submitted","Wed Sep 26 09:19:54 GMT 2012","Wed Sep 26 09:20:59 GMT 2012","Wed Oct 03 02:20:59 PDT 2012","","","","65","0% (0/0)","0% (0/0)","0% (0/0)","a temperature. An example question: ""how hot is the surface of the Sun?""","How hot is cuba?","How hot is australia?","How hot is Texas?","How hot is Mars?","How hot is the moon?","How hot is the ocean floor?","How hot is Alaska?","How hot is room temperature?"
"21062NJQ2172F93GLL2KSCVELSLOWY","2PCVCNHMVHVKSJUR5ZT7BJ79KUZ31F","Write short questions that are answered by the provided response","If the provided response is ""event"", write questions that are answered by events.","data collection, short answer, writing","$0.10","Wed Sep 26 00:29:33 GMT 2012","3","BatchId:918663;","1800","604800","Sat Sep 29 00:29:33 GMT 2012","","","2F73Q0JG5TYM3CQOFJ0FGSSSUCAFJU","A2HQUJBCDLNJ4I","Submitted","Wed Sep 26 07:38:14 GMT 2012","Wed Sep 26 07:39:42 GMT 2012","Wed Oct 03 00:39:42 PDT 2012","","","","88","0% (0/0)","0% (0/0)","0% (0/0)","a temperature. An example question: ""how hot is the surface of the Sun?""","How significant was the patient's fever?","What is the t","","","","","",""
"21062NJQ2172F93GLL2KSCVELSLOWY","2PCVCNHMVHVKSJUR5ZT7BJ79KUZ31F","Write short questions that are answered by the provided response","If the provided response is ""event"", write questions that are answered by events.","data collection, short answer, writing","$0.10","Wed Sep 26 00:29:33 GMT 2012","3","BatchId:918663;","1800","604800","Sat Sep 29 00:29:33 GMT 2012","","","2RGVR14IXKO219W7IRNADX3Y1RM9AH","A1AASMBQPT2HV6","Submitted","Wed Sep 26 07:41:53 GMT 2012","Wed Sep 26 07:44:41 GMT 2012","Wed Oct 03 00:44:41 PDT 2012","","","","168","0% (0/0)","0% (0/0)","0% (0/0)","a temperature. An example question: ""how hot is the surface of the Sun?""","What is the hottest air temperature ever recorded on earth?","What are normal body parameters?","How cold is zero degrees kelvin?","What is the temperature on the planet Jupiter?","What is the scientific name for temperature?","What is the minimum safe water temperature?","What is chocolates melting point?","What is the hottest temperature ever recorded in the universe?"
"27IONNVRH1KH4986VQY6UV9LUUROXR","2PCVCNHMVHVKSJUR5ZT7BJ79KUZ31F","Write short questions that are answered by the provided response","If the provided response is ""event"", write questions that are answered by events.","data collection, short answer, writing","$0.10","Wed Sep 26 00:29:33 GMT 2012","3","BatchId:918663;","1800","604800","Sat Sep 29 00:29:33 GMT 2012","","","2E70OHOVR14IDKISPOTHLCWAJCC65W","A1AASMBQPT2HV6","Submitted","Wed Sep 26 07:11:48 GMT 2012","Wed Sep 26 07:15:46 GMT 2012","Wed Oct 03 00:15:46 PDT 2012","","","","238","0% (0/0)","0% (0/0)","0% (0/0)","a speed. An example question: ""what is the top speed of a Ford Mustang?""","what is the top speed of a Ferrari on road?","At what speed can a cruise travel on water?","what travels the fastest light or sound?","What is the download speed when using a broadband?","what is the speed of a Tube Train in UK?","What is the speed limit on UK highways?","What is the minimum speed a any vehicle?","what is the speed of a shooting star?"
"27IONNVRH1KH4986VQY6UV9LUUROXR","2PCVCNHMVHVKSJUR5ZT7BJ79KUZ31F","Write short questions that are answered by the provided response","If the provided response is ""event"", write questions that are answered by events.","data collection, short answer, writing","$0.10","Wed Sep 26 00:29:33 GMT 2012","3","BatchId:918663;","1800","604800","Sat Sep 29 00:29:33 GMT 2012","","","2QO40SPW1INMXGSG8YUNHB6BS1QF29","A3TNJHVNJUCKRK","Submitted","Wed Sep 26 09:21:00 GMT 2012","Wed Sep 26 09:22:43 GMT 2012","Wed Oct 03 02:22:43 PDT 2012","","","","103","0% (0/0)","0% (0/0)","0% (0/0)","a speed. An example question: ""what is the top speed of a Ford Mustang?""","How fast does a Porsche go?","How fast does a Shelby Cobra go?","How fast does a Lamborghini go?","How fast does a Ferrari Enzo go?","How fast does a turtle go?","How fast does a rabbit go?","How fast does grass grow?","How fast does the earth rotate?"
"27IONNVRH1KH4986VQY6UV9LUUROXR","2PCVCNHMVHVKSJUR5ZT7BJ79KUZ31F","Write short questions that are answered by the provided response","If the provided response is ""event"", write questions that are answered by events.","data collection, short answer, writing","$0.10","Wed Sep 26 00:29:33 GMT 2012","3","BatchId:918663;","1800","604800","Sat Sep 29 00:29:33 GMT 2012","","","2TMNU8LZ6R70W5LZCSZJAVE7974L5M","A1T9DFT0XOO3V5","Submitted","Wed Sep 26 11:17:22 GMT 2012","Wed Sep 26 11:33:56 GMT 2012","Wed Oct 03 04:33:56 PDT 2012","","","","994","0% (0/0)","0% (0/0)","0% (0/0)","a speed. An example question: ""what is the top speed of a Ford Mustang?""","In which speed the light travels?","what is limit to drive in a highway?","What is the speed of a cheeta?","what is the speed of your internet connection?","what is the speed of Acele express?","By which you can measure your inctenet connection parameters?","which is the American action- thriller film directed by Jan de Bont in 1994?","Which post is applicable to receive our mail wihtin two days?"
"2ELYOCCF0CP50XJJM29I4YG4ZKRUTR","2PCVCNHMVHVKSJUR5ZT7BJ79KUZ31F","Write short questions that are answered by the provided response","If the provided response is ""event"", write questions that are answered by events.","data collection, short answer, writing","$0.10","Wed Sep 26 00:29:33 GMT 2012","3","BatchId:918663;","1800","604800","Sat Sep 29 00:29:33 GMT 2012","","","2U1RJ85OZIZEXM40T1FOX5EW2CT9XJ","A1AASMBQPT2HV6","Submitted","Wed Sep 26 06:56:20 GMT 2012","Wed Sep 26 06:58:07 GMT 2012","Tue Oct 02 23:58:07 PDT 2012","","","","107","0% (0/0)","0% (0/0)","0% (0/0)","a period or duration. An example: ""how long does it take the Earth to orbit the Sun?""","How long is World’s Largest Indoor Swimming Pool Alberta, Canada?","How long is world’s Longest Cross Sea Bridge Donghai Bridge, China?","Which is the longest river in the world?","Which animal has longest neck?","How long is Suez canal?","Longest railway line in the world?","Name the animal have the longest tail?","How long is Great Wall of China?"
"2ELYOCCF0CP50XJJM29I4YG4ZKRUTR","2PCVCNHMVHVKSJUR5ZT7BJ79KUZ31F","Write short questions that are answered by the provided response","If the provided response is ""event"", write questions that are answered by events.","data collection, short answer, writing","$0.10","Wed Sep 26 00:29:33 GMT 2012","3","BatchId:918663;","1800","604800","Sat Sep 29 00:29:33 GMT 2012","","","2U4CVLL3CA332H4FUJ39UQU7ACP9ZE","A3RQN5RZD1N2KP","Submitted","Wed Sep 26 04:58:39 GMT 2012","Wed Sep 26 05:06:38 GMT 2012","Tue Oct 02 22:06:38 PDT 2012","","","","479","0% (0/0)","0% (0/0)","0% (0/0)","a period or duration. An example: ""how long does it take the Earth to orbit the Sun?""","What is a century?","How long is an average movie?","What does 60 minutes add up to?","How long does it take to drive from Los Angeles to San Francisco?","How long does a school year last?","How long does it take for the Earth to relvove one complete turn?","How long does a blink last?","What is the Olympic record for running 100 meters?"
"2ELYOCCF0CP50XJJM29I4YG4ZKRUTR","2PCVCNHMVHVKSJUR5ZT7BJ79KUZ31F","Write short questions that are answered by the provided response","If the provided response is ""event"", write questions that are answered by events.","data collection, short answer, writing","$0.10","Wed Sep 26 00:29:33 GMT 2012","3","BatchId:918663;","1800","604800","Sat Sep 29 00:29:33 GMT 2012","","","2U4CVLL3CA332H4FUJ39UQU7ACU9ZJ","A3TNJHVNJUCKRK","Submitted","Wed Sep 26 09:17:53 GMT 2012","Wed Sep 26 09:19:53 GMT 2012","Wed Oct 03 02:19:53 PDT 2012","","","","120","0% (0/0)","0% (0/0)","0% (0/0)","a period or duration. An example: ""how long does it take the Earth to orbit the Sun?""","How long does the average person live?","How long ago did the Titanic sink?","How many seconds are in an hour?","When is the last time a hurricane hit Cuba?","How long is the average phone call?","How many pages are in the average book?","How long does the average survey take?","How long does it take to hit puberty?"
"29WIUUU00OQK0AY8M7ZS9U26IYYUUI","2PCVCNHMVHVKSJUR5ZT7BJ79KUZ31F","Write short questions that are answered by the provided response","If the provided response is ""event"", write questions that are answered by events.","data collection, short answer, writing","$0.10","Wed Sep 26 00:29:33 GMT 2012","3","BatchId:918663;","1800","604800","Sat Sep 29 00:29:33 GMT 2012","","","28X8B727M0IGVKB35LPFZVF48XZXCR","A3TNJHVNJUCKRK","Submitted","Wed Sep 26 09:27:46 GMT 2012","Wed Sep 26 09:29:03 GMT 2012","Wed Oct 03 02:29:03 PDT 2012","","","","77","0% (0/0)","0% (0/0)","0% (0/0)","a percentage. An example question: ""what percentage of smart-phones sold in the United States are iPhones?""","What percent of people own a car?","What percent of people know how to drive?","What percent of people can ride a bike?","What percent of people work third shift?","What percent of people know how to swim?","What percent of people are white?","What percent of people are black?","What percent of people speak a second language?"
"29WIUUU00OQK0AY8M7ZS9U26IYYUUI","2PCVCNHMVHVKSJUR5ZT7BJ79KUZ31F","Write short questions that are answered by the provided response","If the provided response is ""event"", write questions that are answered by events.","data collection, short answer, writing","$0.10","Wed Sep 26 00:29:33 GMT 2012","3","BatchId:918663;","1800","604800","Sat Sep 29 00:29:33 GMT 2012","","","2HWJ79KQW618340K1U3DB5XCR8ZJL6","A2TFV80O60F2I7","Submitted","Wed Sep 26 10:13:16 GMT 2012","Wed Sep 26 10:18:20 GMT 2012","Wed Oct 03 03:18:20 PDT 2012","","","","304","0% (0/0)","0% (0/0)","0% (0/0)","a percentage. An example question: ""what percentage of smart-phones sold in the United States are iPhones?""","what is the percentage of irrigated land in India?","how many percentage required in graduation for upsc exam?","What percentage of urban population live in class I cities?","What percentage of world land area is there in India?","What percentage of the world population live in India?","What is the annual growth rate of population in India according to 2001 census in percentage?","What are percentage of total forest area of India?","what percentage of maruthi car sold in the united states?"
"29WIUUU00OQK0AY8M7ZS9U26IYYUUI","2PCVCNHMVHVKSJUR5ZT7BJ79KUZ31F","Write short questions that are answered by the provided response","If the provided response is ""event"", write questions that are answered by events.","data collection, short answer, writing","$0.10","Wed Sep 26 00:29:33 GMT 2012","3","BatchId:918663;","1800","604800","Sat Sep 29 00:29:33 GMT 2012","","","2YUGMMEGOOGQ8CGWMP12ZEIU799BBN","A1AASMBQPT2HV6","Submitted","Wed Sep 26 07:06:02 GMT 2012","Wed Sep 26 07:11:37 GMT 2012","Wed Oct 03 00:11:37 PDT 2012","","","","335","0% (0/0)","0% (0/0)","0% (0/0)","a percentage. An example question: ""what percentage of smart-phones sold in the United States are iPhones?""","what percentage of Ultra Mac Book  is sold compared to the iPhone in US?","What percentage of alcohol consumption is there in Goa (India)?","what percentage of pork in sold in UK compared to USA?","what percentage of LED TV sold in the United States?","What percent of Samsung smartphones are sold in UK compared to iphones?","What percent of profit is in fruit business?","What percent of profit is expected to be earned in food business?","what is the average percentage of a average student in college by survey?"
"2BFFCD45XCET3DMDXZ9NATGPEYUZX4","2PCVCNHMVHVKSJUR5ZT7BJ79KUZ31F","Write short questions that are answered by the provided response","If the provided response is ""event"", write questions that are answered by events.","data collection, short answer, writing","$0.10","Wed Sep 26 00:29:33 GMT 2012","3","BatchId:918663;","1800","604800","Sat Sep 29 00:29:33 GMT 2012","","","211Y8TNKIMZS25E5L7TOT0PG8UEXAP","A3TNJHVNJUCKRK","Submitted","Wed Sep 26 09:25:16 GMT 2012","Wed Sep 26 09:27:41 GMT 2012","Wed Oct 03 02:27:41 PDT 2012","","","","145","0% (0/0)","0% (0/0)","0% (0/0)","a weight. An example question: ""how much does the average human weigh?""","What does a bowling ball weigh?","What does a piece of paper weigh?","What does a paper clip weigh?","What does a elastic band weigh?","What does a poland spring bottle weigh?","What does a paper weight have to weigh?","What does a roll of scotch tape weigh?","What does a business card weigh?"
"2BFFCD45XCET3DMDXZ9NATGPEYUZX4","2PCVCNHMVHVKSJUR5ZT7BJ79KUZ31F","Write short questions that are answered by the provided response","If the provided response is ""event"", write questions that are answered by events.","data collection, short answer, writing","$0.10","Wed Sep 26 00:29:33 GMT 2012","3","BatchId:918663;","1800","604800","Sat Sep 29 00:29:33 GMT 2012","","","2QB2D21O3W5XX0DFT792RYEPY70F91","A2TFV80O60F2I7","Submitted","Wed Sep 26 09:33:42 GMT 2012","Wed Sep 26 09:38:26 GMT 2012","Wed Oct 03 02:38:26 PDT 2012","","","","284","0% (0/0)","0% (0/0)","0% (0/0)","a weight. An example question: ""how much does the average human weigh?""","Can being overweight lead to health problems?","How do I know if I am obese?","What steps should I take to lose weight?","Why do you want to work for Weight Watchers?","What personal experience do you have with weight issues or struggling with your weight.","Why are you overweight?","Why do you want to lose weight?","What would happen if you never lost weight?"
"2BFFCD45XCET3DMDXZ9NATGPEYUZX4","2PCVCNHMVHVKSJUR5ZT7BJ79KUZ31F","Write short questions that are answered by the provided response","If the provided response is ""event"", write questions that are answered by events.","data collection, short answer, writing","$0.10","Wed Sep 26 00:29:33 GMT 2012","3","BatchId:918663;","1800","604800","Sat Sep 29 00:29:33 GMT 2012","","","2VOSBRI8IUB2EU3YNWJTSB3LDUJG42","A1AASMBQPT2HV6","Submitted","Wed Sep 26 07:02:44 GMT 2012","Wed Sep 26 07:04:40 GMT 2012","Wed Oct 03 00:04:40 PDT 2012","","","","116","0% (0/0)","0% (0/0)","0% (0/0)","a weight. An example question: ""how much does the average human weigh?""","How many pounds are in a kilogram?","How much does one gallon of water weigh?","How much does one cubic foot of platinum weigh?","How many pounds are in a ton?","How much does sea water weigh per cubic foot?","How i know your lbs your weight is 70kg?","How many pounds are there in one kilo?","How much is 4 ounces?"